<?xml version="1.0" encoding="UTF-8"?>

<COMPONENT> 

	<!-- 
	* 20200331 - 최초 작성
	* 20201112 - Drill 관련 객체 관리. QID 관리
	 -->
	 
  <HEADER AUTHOR="Kooin-Shin" 
  		  COMPATIBILITY="ALL" 
  		  DATA_AUTO_PROPAGATE="true" 
  		  PLATEFORM="ALL" 
  		  RELEASE_DATE="20191016R" 
  		  SERIAL="" 
  		  STARTABLE="true" 
  		  STATUS="RELEASE" 
  		  VERSION="1.0"> 
    <SIGNATURE/> 
  </HEADER>
    
  <FAMILIES> 
    <FAMILY>InnoQuartz</FAMILY> 
  </FAMILIES>
    
  <DOCUMENTATION> 
    <URL>http://www.innoquartz.com</URL> 
  </DOCUMENTATION>
    
  <CONNECTORS> 
    <CONNECTOR CTYPE="FLOW" MAX_INPUT="0" MAX_OUTPUT="0"/>
    <CONNECTOR CTYPE="ITERATE" MAX_OUTPUT="0" MAX_INPUT="0"/>
    <CONNECTOR CTYPE="SUBJOB_OK" MAX_INPUT="1" />
    <CONNECTOR CTYPE="SUBJOB_ERROR" MAX_INPUT="0" />
    <CONNECTOR CTYPE="COMPONENT_OK" MAX_INPUT="1" MAX_OUTPUT="93"/>
    <CONNECTOR CTYPE="COMPONENT_ERROR" MAX_INPUT="0"/>
    <CONNECTOR CTYPE="RUN_IF" MAX_INPUT="0"/>  
  </CONNECTORS>  

  <PARAMETERS> 
  	<PARAMETER NAME="ERROR_HOST_FILE_NOT_FOUND" FIELD="LABEL" NUM_ROW="0" SHOW="false">
		<DEFAULT>호스트 정보 파일(innoquartz.project)이 존재하지 않습니다. 경로:</DEFAULT>
	</PARAMETER>
	<!-- 
    <PARAMETER NAME="WORKSPACE_PATH" FIELD="DIRECTORY" NUM_ROW="3" REQUIRED="true" SHOW="false">
      <DEFAULT>__COMP_DEFAULT_FILE_DIR__</DEFAULT>
    </PARAMETER>
	-->
    <PARAMETER NAME="APPLY_BIZ_SNAPSHOT_ERR" FIELD="CHECK" GROUP="BIZ_GROUP" NUM_ROW="10" REQUIRED="true" SHOW="true">
      <DEFAULT>false</DEFAULT>
    </PARAMETER> 
    <!-- 
    <PARAMETER NAME="APPLY_BIZ_DT" FIELD="CHECK" GROUP="BIZ_GROUP" NUM_ROW="20" REQUIRED="true" SHOW="true">
      <DEFAULT>true</DEFAULT>
    </PARAMETER>
     --> 
    <!-- 
    <PARAMETER NAME="APPLY_CROP_SIZE" FIELD="CHECK" GROUP="BIZ_GROUP" NUM_ROW="20" REQUIRED="true" SHOW="true">
      <DEFAULT>false</DEFAULT>
    </PARAMETER> 
     -->
    <PARAMETER NAME="APPLY_OFFSET" FIELD="CHECK" GROUP="BIZ_GROUP" NUM_ROW="20" REQUIRED="true" SHOW="true">
      <DEFAULT>false</DEFAULT>
    </PARAMETER> 
    <!-- 
    <PARAMETER NAME="APPLY_PRESET" FIELD="CHECK" GROUP="BIZ_GROUP" NUM_ROW="20" REQUIRED="true" SHOW="true">
      <DEFAULT>false</DEFAULT>
    </PARAMETER> 
    <PARAMETER NAME="APPLY_POSTSET" FIELD="CHECK" GROUP="BIZ_GROUP" NUM_ROW="20" REQUIRED="true" SHOW="true">
      <DEFAULT>false</DEFAULT>
    </PARAMETER>                 
     -->
    <PARAMETER FIELD="LABEL" NAME="v1.0.0_20201217" NUM_ROW="100" SHOW="true">
    	<DEFAULT>v1.0.0_20210512 - Drill 컴포넌트와 서버 버전 상이할 경우 예외 처리 </DEFAULT>
    </PARAMETER>   		     
  </PARAMETERS>  

  <ADVANCED_PARAMETERS> 
	<PARAMETER NAME="DIE_ON_ERROR" FIELD="CHECK" NUM_ROW="10" >
		<DEFAULT>false</DEFAULT>
	</PARAMETER>  
  </ADVANCED_PARAMETERS>  

  <CODEGENERATION>
    <IMPORTS> 
      <IMPORT MODULE="innoquartz-api-1.2.2.jar" NAME="innoquartz-api-1.2.2" REQUIRED="true"/> 
      <!-- <IMPORT MODULE="iq-prepost-1.2.0.jar" NAME="iq-prepost-1.2.0" REQUIRED="true"/>  -->
      <IMPORT MODULE="httpclient-4.5.8.jar" NAME="httpclient-4.5.8" REQUIRED="true"/>
      <IMPORT MODULE="httpcore-4.4.10.jar" NAME="httpcore-4.4.10" REQUIRED="true"/>
	  <IMPORT MODULE="xercesImpl-2.9.1.jar" NAME="xercesImpl-2.9.1" REQUIRED="true"/>
	  <IMPORT MODULE="commons-io-2.8.0.jar" NAME="commons-io-2.8.0" REQUIRED="true"/>
      <IMPORT MODULE="com.fasterxml.jackson.core.jackson-annotations_2.9.9.jar" NAME="com.fasterxml.jackson.core.jackson-annotations_2.9.9" REQUIRED="true"/>
      <IMPORT MODULE="com.fasterxml.jackson.core.jackson-core_2.9.9.jar" NAME="com.fasterxml.jackson.core.jackson-core_2.9.9" REQUIRED="true"/>
      <IMPORT MODULE="com.fasterxml.jackson.core.jackson-databind_2.9.9.jar" NAME="com.fasterxml.jackson.core.jackson-databind_2.9.9" REQUIRED="true"/>
    </IMPORTS> 
  </CODEGENERATION>  
  
  <RETURNS> 
    <!-- <RETURN AVAILABILITY="AFTER" NAME="NB_LINE" TYPE="id_Integer"/>  -->
  </RETURNS> 
</COMPONENT>
