<?xml version="1.0" encoding="UTF-8"?>

<COMPONENT>   

	<!-- 
	* 20200331 - 최초 작성
	* 20201112 - Drill 관련 객체 관리. QID 관리
	 -->
	 
  <HEADER AUTHOR="Kooin-Shin" 
  		  COMPATIBILITY="ALL" 
  		  DATA_AUTO_PROPAGATE="false" 
  		  PLATEFORM="ALL" 
  		  RELEASE_DATE="20200331R"
  		  SERIAL="" 
  		  STARTABLE="true" 
  		  STATUS="RELEASE"  		  
  		  VERSION="1.0"> 
    <SIGNATURE/> 
  </HEADER>  
  <FAMILIES> 
    <FAMILY>InnoQuartz</FAMILY> 
  </FAMILIES>  
  <DOCUMENTATION>
  	<URL>http://www.innoquartz.com</URL> 
  </DOCUMENTATION>  
  <CONNECTORS> 
    <CONNECTOR CTYPE="FLOW" MAX_INPUT="0" MAX_OUTPUT="0"/>
    <CONNECTOR CTYPE="ITERATE" MAX_OUTPUT="0" MAX_INPUT="0"/>
    <CONNECTOR CTYPE="SUBJOB_OK" MAX_INPUT="1" />
    <CONNECTOR CTYPE="SUBJOB_ERROR" MAX_OUTPUT="0" MAX_INPUT="0" />
    <CONNECTOR CTYPE="COMPONENT_OK" MAX_OUTPUT="93" MAX_INPUT="1"/>
    <CONNECTOR CTYPE="COMPONENT_ERROR" MAX_OUTPUT="0" MAX_INPUT="0"/>
    <CONNECTOR CTYPE="RUN_IF" MAX_OUTPUT="0" MAX_INPUT="0"/>
  </CONNECTORS>   
  <PARAMETERS> 
  <!-- 
    <PARAMETER NAME="LIBRARY" FIELD="MODULE_LIST" NUM_ROW="1" REQUIRED="true">
      <DEFAULT>innoquartz-api-1.2.0.jar</DEFAULT>
    </PARAMETER> 
  --> 
	<PARAMETER NAME="ERROR_HOST_FILE_NOT_FOUND" FIELD="LABEL" NUM_ROW="0" SHOW="false">
		<DEFAULT>호스트 정보 파일(innoquartz.project)이 존재하지 않습니다. 경로:</DEFAULT>
	</PARAMETER>
	<PARAMETER NAME="ERROR_CONTEXT_NOT_FOUND" FIELD="LABEL" NUM_ROW="0" SHOW="false">
		<DEFAULT>Job의 Context와 UI의 설정이 맞지 않습니다. LOCAL/DEV/TEST/STG/PROD 중  최소한 하나 일치 해야 합니다. 현재 Job context : </DEFAULT>
	</PARAMETER>
    <PARAMETER NAME="USE_WORKSPACE_PATH" FIELD="CHECK" NUM_ROW="10" REQUIRED="true" SHOW="false">
      <DEFAULT>false</DEFAULT>
    </PARAMETER>
    <PARAMETER NAME="CONTEXT_STR" FIELD="MEMO_JAVA" NUM_ROW="11" REQUIRED="true" SHOW="false">
      <DEFAULT>contextStr</DEFAULT>
    </PARAMETER>
    <PARAMETER NAME="IS_REQUEST_BIZ" FIELD="CHECK" GROUP="JOB_PATH" NUM_ROW="10" REQUIRED="true" SHOW="true">
      <DEFAULT>true</DEFAULT>
    </PARAMETER>
    <PARAMETER NAME="IS_PRINT_PROJECT_PROPERTIES" FIELD="CHECK" GROUP="JOB_PATH" NUM_ROW="10" REQUIRED="true" SHOW="true">
      <DEFAULT>true</DEFAULT>
    </PARAMETER>  
	<PARAMETER NAME="PROJECT_TABLE" FIELD="TABLE" GROUP="JOB_PATH" NUM_ROW="20" NB_LINES="6" SHOW="true" >
		<ITEMS> 
    	   	<ITEM NAME="iq_category" FIELD="OPENED_LIST">
    	   		<ITEMS DEFAULT="LOCAL">
    	   			<ITEM NAME="LOCAL" VALUE="LOCAL" />
    	   			 <ITEM NAME="DEV" VALUE="DEV" />
    	   			<ITEM NAME="TEST" VALUE="TEST" />
    	   			<ITEM NAME="STG" VALUE="STG" />
    	   			<ITEM NAME="PROD" VALUE="PROD" />
    	   		</ITEMS>
    	   	</ITEM>       		
       		<ITEM NAME="iq_project_id" VALUE="1"/> 
       		<ITEM NAME="iq_project_comment" VALUE="This is the project."/>
		</ITEMS>
    </PARAMETER>	
    <PARAMETER NAME="JOB_DRILL_PERIOD" FIELD="TEXT" GROUP="DRILL" NUM_ROW="30" REQUIRED="true" SHOW="true">
      <DEFAULT>"5"</DEFAULT>
    </PARAMETER>      
    <PARAMETER FIELD="CHECK" NAME="DELETE_DRILL_JSON" GROUP="DRILL" NUM_ROW="30" SHOW="true"> 
        <DEFAULT>true</DEFAULT>
    </PARAMETER>        
    <PARAMETER FIELD="LABEL" NAME="v1.0.0_20201217" NUM_ROW="100" SHOW="true">
		<DEFAULT>v1.0.0_20210512 - Drill 컴포넌트와 서버 버전 상이할 경우 예외 처리 </DEFAULT>    
	</PARAMETER>
  </PARAMETERS>  
   
  <ADVANCED_PARAMETERS> 
    <PARAMETER NAME="IMPORT" FIELD="MEMO_IMPORT" RAW="true" REQUIRED="false" NUM_ROW="1" NB_LINES="2">
	  <DEFAULT>import com.innoquartz.designer.service.*;
import routines.*;
	  </DEFAULT>
	</PARAMETER>
	<PARAMETER NAME="CUSTOM_CAUTION" FIELD="LABEL" NUM_ROW="10" SHOW="true">
		<DEFAULT>Host 정보는 Designer 설정 메뉴가 우선 적용됩니다. (Windows->Preference->InnoQuartz)</DEFAULT>
	</PARAMETER>
	<PARAMETER NAME="CUSTOM_CAUTION" FIELD="LABEL" NUM_ROW="11" SHOW="true">
		<DEFAULT>설정 하지 않는 것을 권장 합니다.</DEFAULT>
	</PARAMETER>
    <PARAMETER NAME="USE_CUSTOM_HOST" FIELD="CHECK" NUM_ROW="12" REQUIRED="true" >
      <DEFAULT>false</DEFAULT>
    </PARAMETER>
	<PARAMETER NAME="CUSTOM_HOST_TABLE" FIELD="TABLE" NUM_ROW="13" NB_LINES="6" SHOW_IF="USE_CUSTOM_HOST == 'true')" >
		<ITEMS> 
    	   	<ITEM NAME="iq_category" FIELD="OPENED_LIST">
    	   		<ITEMS DEFAULT="LOCAL">
    	   			<ITEM NAME="LOCAL" VALUE="LOCAL" />
    	   			<ITEM NAME="DEV" VALUE="DEV" />
    	   			<ITEM NAME="TEST" VALUE="TEST" />
    	   			<ITEM NAME="STG" VALUE="STG" />
    	   			<ITEM NAME="PROD" VALUE="PROD" />
    	   		</ITEMS>
    	   	</ITEM>       		 
       		<ITEM NAME="iq_host" VALUE="http://"/>
        	<ITEM NAME="iq_port" VALUE="9090"/>
   	    	<ITEM NAME="iq_access_id" VALUE="admin"/>
       		<ITEM NAME="iq_access_passwd" VALUE="admin"/>
		</ITEMS>
   	</PARAMETER>
	<PARAMETER NAME="DIE_ON_ERROR" FIELD="CHECK" NUM_ROW="20" >
		<DEFAULT>false</DEFAULT>
	</PARAMETER>
  </ADVANCED_PARAMETERS>
    
  <CODEGENERATION> 
    <IMPORTS> 
      <IMPORT MODULE="innoquartz-api-1.2.1.jar" NAME="innoquartz-api-1.2.1" REQUIRED="true"/> 
      <IMPORT MODULE="iq-prepost-1.2.1.jar" NAME="iq-prepost-1.2.1" REQUIRED="true"/>
      <!-- 
	  <IMPORT MODULE="slf4j-api-1.7.26.jar" NAME="slf4j-api-1.7.26" REQUIRED="true"/>
      <IMPORT MODULE="slf4j-jdk14-1.6.1.jar" NAME="slf4j-jdk14-1.6.1" REQUIRED="true"/>
	  -->      
	  <IMPORT MODULE="httpclient-4.5.8.jar" NAME="httpclient-4.5.8" REQUIRED="true"/>
      <IMPORT MODULE="httpcore-4.4.10.jar" NAME="httpcore-4.4.10" REQUIRED="true"/>
	  <IMPORT MODULE="xercesImpl-2.9.1.jar" NAME="xercesImpl-2.9.1" REQUIRED="true"/>
	  <IMPORT MODULE="commons-io-2.8.0.jar" NAME="commons-io-2.8.0" REQUIRED="true"/>	  
      <IMPORT MODULE="com.fasterxml.jackson.core.jackson-annotations_2.9.9.jar" NAME="com.fasterxml.jackson.core.jackson-annotations_2.9.9" REQUIRED="true"/>
      <IMPORT MODULE="com.fasterxml.jackson.core.jackson-core_2.9.9.jar" NAME="com.fasterxml.jackson.core.jackson-core_2.9.9" REQUIRED="true"/>
      <IMPORT MODULE="com.fasterxml.jackson.core.jackson-databind_2.9.9.jar" NAME="com.fasterxml.jackson.core.jackson-databind_2.9.9" REQUIRED="true"/>
    </IMPORTS> 
  </CODEGENERATION>  
  <RETURNS> 
    <!-- <RETURN AVAILABILITY="AFTER" NAME="NB_LINE" TYPE="id_Integer"/>  --> 
  </RETURNS> 
	
</COMPONENT>
